ze_ALIEN_mountain_escape_p3_fix,
ze_alien_shooter_gp1_3,
ze_atix_panic_v1,
ze_atix_apocalypse_p3,
ze_ashen_keep_p,
ze_best_korea_v1,
ze_FFVII_Cosmo_Canyon_v5k_fix,
ze_ffvii_cosmo_canyon_v6test5,
ze_FFVII_Mako_Reactor_v5_3_Kia5,
ze_FFVII_Mako_Reactor_v6_b09k2,
ze_FFXIV_Wanderers_Palace_v4_va2,
ze_FFXIV_Wanderers_Palace_v5_2,
ze_ffxiv_wanderers_palace_v6_2z1,
ze_frostdrake_tower_v1,
ze_diddle_v3,
ze_icecap_escape_v5_p,
ze_magmadrake_b5,
ze_santassination_v3,
ze_crazykart_v4,
ze_surf_facility_p4,
ze_sex_mod_hentai_beachescape_camper,
ze_surf_gypt_v1_3_1f,
ze_surf_happy_b7,
ze_surf_sahok_p3,
ze_surf_shonyudo_v5_2,
ze_surf_vortex_v2_8,
ze_collective_v1_9,
ze_gris_v1_13,
ze_grau_a03_4ff,
